STATION_NUMBER,STATION_NAME,YEAR,MONTH,DAY,AIR_TEMPERATURE_MEAN_DB,AIR_TEMPERATURE_MAX_DB,AIR_TEMPERATURE_MIN_DB,WIND_PREVAILING_DIRECTION,WIND_MEAN_SPEED,WIND_MAX_DIRECTION,WIND_MAX_SPEED,RELATIVE_HUMIDITY_MEAN,SKY_COV_OKTES_MEAN,RELATIVE_HUMIDITY_MAX,RELATIVE_HUMIDITY_MIN,PRESSURE_MIN_SEA_LEVEL,PRESSURE_MIN_STATION_LEVEL,PRESSURE_MAX_STATION_LEVEL,PRESSURE_MAX_SEA_LEVEL,PRESSURE_MEAN_STATION_LEVEL,PRESSURE_MEAN_SEA_LEVEL
41030,Makkah,2018,1,1,24.4,30.8,21,N,1,36,6,66,2.3,82,50,1011,984,987,1014,985.8,1012.9
41030,Makkah,2018,1,2,23.5,32.8,18.6,NNE,2,2,8,46,1.8,60,29,1009.7,982.7,986.9,1014.3,985.3,1012.4
41030,Makkah,2018,1,3,24.8,33.9,18.6,WSW,3,19,14,45,0.8,63,28,1010.1,983,985.9,1012.9,984.5,1011.6
41030,Makkah,2018,1,4,24,30.6,20,NNW,2,24,7,62,3,74,45,1011.3,984.2,987.9,1014.8,985.9,1013.2
41030,Makkah,2018,1,5,22.9,30,17.8,N,2,2,6,55,0.3,75,33,1012.3,984.9,988.8,1016.4,986.7,1013.9
41030,Makkah,2018,1,6,22.6,31.6,17,N,2,33,6,53,0,86,27,1011.8,984.6,988,1015.1,986.4,1013.9
41030,Makkah,2018,1,7,24.5,34.8,17.5,N,1,3,6,47,0.2,69,23,1012.7,985.6,988.6,1016.3,987.2,1014.5
41030,Makkah,2018,1,8,25.7,34,20.4,WNW,2,27,10,31,0,37,23,1012.5,985.6,989.4,1016.9,987.4,1014.4
41030,Makkah,2018,1,9,25.2,33.9,19.8,N,3,36,8,31,0,38,24,1013.5,986.1,989.8,1016.6,987.7,1015
41030,Makkah,2018,1,10,25.9,34.8,19,NNW,2,33,6,35,0,70,18,1013.4,986.3,990.2,1017.4,988.1,1015.2
41030,Makkah,2018,1,11,26,35,18,CALM,0,24,6,41,0,64,23,1013.6,986.5,989.3,1016.5,987.7,1014.9
41030,Makkah,2018,1,12,25.8,35,19,SSW,2,24,12,53,0,80,25,1013.2,986.1,989.9,1017.1,987.9,1015
41030,Makkah,2018,1,13,25.8,33.6,18,CALM,0,18,6,65,0,90,36,1011.9,984.7,988.9,1016.1,986.9,1013.9
41030,Makkah,2018,1,14,26,34,20,SSW,1,20,8,60,0,89,36,1012,985.1,988,1014.9,986.6,1013.7
41030,Makkah,2018,1,15,25.6,35,20,N,3,32,12,51,0,67,26,1012.5,985.6,989.6,1016.7,987.6,1014.7
41030,Makkah,2018,1,16,25.2,34,18.6,SSW,2,20,10,54,0,80,33,1012.4,985.2,989,1015.9,986.8,1013.8
41030,Makkah,2018,1,17,24.8,33,18.6,WSW,1,21,12,56,0.6,75,32,1009.6,982.2,986.3,1013.2,984.3,1011.4
41030,Makkah,2018,1,18,24.6,31,19.2,WNW,1,27,7,63,0.9,84,41,1009.2,982.1,985.5,1012.6,984.2,1011.4
41030,Makkah,2018,1,19,23.8,30.1,19.2,N,1,36,6,58,0.9,76,33,1011.1,983.9,988.4,1015.4,985.8,1013.2
41030,Makkah,2018,1,20,23.6,33,18,N,1,2,6,48,0,68,27,1013.1,986,990.3,1017.7,988,1015
41030,Makkah,2018,1,21,26.1,36,18,SSW,2,19,12,41,0,64,22,1010.7,983.5,987.2,1014.6,985.6,1012.7
41030,Makkah,2018,1,22,25.2,32,20,S,3,21,12,60,1,81,46,1009.8,982.8,986.4,1013.1,984.3,1011.3
41030,Makkah,2018,1,23,26.2,33,22.6,NNE,2,30,8,62,2.3,89,37,1009,982.1,985.5,1012.4,983.8,1010.8
41030,Makkah,2018,1,24,25.4,32.6,19.8,WSW,2,24,10,47,0.8,58,33,1008.5,981.6,984.8,1011.7,983.3,1010.4
41030,Makkah,2018,1,25,24.1,30,21.4,NNW,1,33,6,56,3.5,68,43,1009.6,982.7,985.8,1012.9,984.2,1011.4
41030,Makkah,2018,1,26,23.1,30,20.2,N,1,36,6,52,3,68,32,1012,984.8,988.5,1015.5,986.5,1013.8
41030,Makkah,2018,1,27,21.2,29,17,N,2,36,6,48,1,67,25,1012.8,985.3,987.4,1017,987.3,1014.8
41030,Makkah,2018,1,28,23.6,34.2,17.4,NNE,2,2,8,39,2.9,51,24,1010.3,983.1,987,1014.5,985.5,1012.8
41030,Makkah,2018,1,29,25.4,33,18.5,SW,3,19,12,35,3.2,52,22,1009.9,982.7,986.1,1013,984.6,1011.6
41030,Makkah,2018,1,30,24.7,32.6,19,N,2,32,8,46,3.3,56,34,1010.7,983.5,987.1,1014.2,985.4,1012.5
41030,Makkah,2018,2,1,25.8,32.8,21.6,S,1,18,6,52,3.9,62,38,1012.2,984.8,988.5,1015.1,986.6,1013.7
41030,Makkah,2018,2,2,27,34.4,21.4,S,1,33,4,42,3,57,29,1011.8,984.8,987.7,1014.7,986.1,1013.1
41030,Makkah,2018,2,3,27.6,35.6,22.6,S,1,16,8,30,0.3,35,19,1012,985,988.6,1015,986.7,1013.8
41030,Makkah,2018,2,4,27,37,21.6,S,1,22,8,32,0,47,18,1012.6,985.2,989.5,1016.8,987.7,1014.7
41030,Makkah,2018,2,5,26.8,37.3,19,SSW,2,26,12,38,0,61,17,1011.9,984.5,988.4,1015.5,986.9,1014
41030,Makkah,2018,2,6,26.2,34.4,19.4,S,2,18,10,49,1.3,71,24,1012.1,984.9,988.4,1015.4,986.9,1013.9
41030,Makkah,2018,2,7,26.3,35.2,19,S,2,17,12,49,0.7,73,25,1011.3,984.5,987.7,1014.7,986.2,1013.2
41030,Makkah,2018,2,8,26.8,36,19.6,S,1,18,6,52,0.8,70,31,1009.6,982.6,987,1013.8,984.9,1011.7
41030,Makkah,2018,2,9,26.2,34.6,19.6,S,2,18,8,57,0,83,29,1009.2,982,985.7,1012.7,983.7,1010.7
41030,Makkah,2018,2,10,27,36,20,S,2,16,11,55,0,72,32,1007.5,980.7,983.9,1011,982.7,1009.6
41030,Makkah,2018,2,11,29,38,22,SSW,2,21,10,46,0.3,67,25,1007.1,980.5,984.5,1011.3,982.4,1009
41030,Makkah,2018,2,12,29.8,39,22,S,6,20,24,37,0,54,19,1006,979.6,983.6,1010.3,981.6,1008.2
41030,Makkah,2018,2,13,29,38.6,22.2,S,5,21,24,45,0,83,18,1007.9,981.1,986.3,1012.6,983.2,1010
41030,Makkah,2018,2,14,28.9,38.6,22.4,SSW,1,20,8,58,0.8,87,27,1009.9,983.2,987.8,1014.1,985,1011.7
41030,Makkah,2018,2,15,28.3,36.5,23,SW,2,23,12,61,0,78,31,1009.2,982.4,986.5,1012.9,984.1,1010.8
41030,Makkah,2018,2,16,27.9,37,22.4,SSW,2,20,14,66,0.6,95,36,1007.7,981,985.4,1012.5,983.9,1010.8
41030,Makkah,2018,2,17,26.8,35,22.8,S,3,18,12,64,4,76,29,1009.3,982.3,985.5,1012.4,983.8,1010.6
41030,Makkah,2018,2,18,24.4,31,20.4,N,2,30,6,39,1,63,23,1010.5,983.5,987.1,1014.3,985.3,1012.3
41030,Makkah,2018,2,19,25.8,35,19.2,SW,2,21,10,48,0.1,58,34,1007.9,980.7,984.3,1011.7,982.9,1009.9
41030,Makkah,2018,2,20,25.9,32,20.6,S,4,18,14,62,1.3,80,48,1006.6,979.8,982.8,1009.6,981.6,1008.5
41030,Makkah,2018,2,21,25.9,31.6,22.2,SSW,2,21,12,72,3.3,88,56,1006.2,979.4,982.7,1008.9,981.2,1008
41030,Makkah,2018,2,22,28.1,34.6,23.8,SSW,2,18,10,65,2.1,81,44,1005.4,978.7,982.4,1008.7,980.6,1007.3
41030,Makkah,2018,2,23,29.1,36.6,23.6,WSW,3,18,14,59,0.7,79,36,1003.2,976.8,981.4,1008,979,1005.5
41030,Makkah,2018,2,24,28.2,37,24.8,S,3,18,16,60,3.6,85,30,1001,974.6,980.6,1007,978.1,1004.7
41030,Makkah,2018,2,25,27.8,36.6,22,WNW,1,36,5,53,0.1,92,22,1006.2,978.6,983.1,1009.7,981.1,1008
41030,Makkah,2018,2,26,26.4,33.8,20.4,SSW,4,18,20,56,1.6,70,33,1006.5,979.6,982.3,1009.4,981.1,1008
41030,Makkah,2018,2,27,29.1,38,23,WSW,1,15,6,53,0.3,76,24,1006.3,979.6,982.8,1009.2,981.5,1008.3
41030,Makkah,2018,2,28,28.2,36.6,21.2,WSW,1,21,10,47,0.2,69,31,1005.5,978.7,982.2,1008.9,980.9,1007.6
41030,Makkah,2018,3,1,25.7,33.4,20.8,NNW,1,36,6,39,0.5,60,23,1007.7,980.2,983.4,1010.2,981.9,1008.8
41030,Makkah,2018,3,2,27.3,37.6,19.5,S,2,18,14,46,0,65,22,1007.6,980.8,984.1,1010.7,982.4,1009.4
41030,Makkah,2018,3,3,27.6,37,20.9,S,2,18,10,48,0,68,22,1008.1,981.5,984.4,1011,982.9,1009.7
41030,Makkah,2018,3,4,27.8,35.8,21.4,S,2,24,10,49,0.8,66,28,1007.4,980.7,983.6,1010.5,982.2,1009
41030,Makkah,2018,3,5,27.9,35,24,S,2,19,20,60,2.3,76,39,1008.3,981.5,985.4,1012.1,983.4,1010.2
41030,Makkah,2018,3,6,29.1,38,21.6,WSW,2,22,8,54,0.3,87,25,1010.2,983.1,986.4,1013,985,1011.9
41030,Makkah,2018,3,7,31.8,41,25.6,SSW,3,18,12,39,0.2,62,20,1009.3,982.7,985.7,1012.2,984.6,1011.1
41030,Makkah,2018,3,8,30.9,40.6,24.4,SSW,3,18,12,39,0.2,62,20,1009.3,982.7,985.7,1012.2,983.5,1011.1
41030,Makkah,2018,3,9,29.6,37.2,24.6,S,1,18,10,54,0,77,31,1008.7,981.7,984.3,1010.8,983,1009.6
41030,Makkah,2018,3,10,29.9,39.6,24,N,1,36,6,48,0,74,18,1006.4,979.6,983.2,1009.9,981.6,1008.2
41030,Makkah,2018,3,11,29.1,38.5,22.1,NNW,1,33,10,45,0.3,71,19,1006.5,979.5,982.8,1009.5,981.2,1008
41030,Makkah,2018,3,12,28,36.1,22.4,NNW,1,33,8,36,0,61,19,1008.2,981.6,985,1011.6,983.2,1010.1
41030,Makkah,2018,3,13,28,38.5,20,NNW,2,19,8,49,0,78,18,1008.3,981.1,954.5,1011.7,983.2,1010.1
41030,Makkah,2018,3,14,29.5,39,20,NNW,1,33,6,45,0,69,19,1006.6,979.8,983.8,1010.5,982.2,1008.8
41030,Makkah,2018,3,15,29.2,36.6,23,VRB,3,21,12,44,1.1,54,29,1006.6,980,982.7,1009.4,981.3,1007.9
41030,Makkah,2018,3,16,30,37,25.6,WNW,1,18,4,43,1.9,52,30,1006,978.9,983,1009.4,981.2,1007.8
41030,Makkah,2018,3,17,29.6,39.2,21.6,N,1,36,10,39,0,54,22,1006,979.1,983.3,1010.1,981.4,1008
41030,Makkah,2018,3,18,30.7,39.2,22.6,S,1,18,10,38,0,52,19,1005.3,978.6,981.6,1008,980.3,1006.9
41030,Makkah,2018,3,19,31,39.8,24.2,S,7,18,10,45,0,59,23,1006.8,980.3,983.2,1009.6,981.7,1008.3
41030,Makkah,2018,3,20,31.9,40.2,25.8,WSW,1,24,9,46,0,68,22,1007.8,981.5,984.6,1010.9,983.1,1009.6
41030,Makkah,2018,3,21,31.4,39,26,S,2,18,10,43,0.1,58,26,1009,982.9,986.4,1012.5,983.9,1010.4
41030,Makkah,2018,3,22,32,40,25.4,SSW,2,21,8,40,0.2,53,23,1006.4,980,984.2,1010.7,982.3,1008.7
41030,Makkah,2018,3,23,31.8,40.6,25.8,SSW,3,20,12,41,0.1,59,21,1004.7,978.3,982.4,1009,980.6,1007
41030,Makkah,2018,3,24,31.9,40,25.4,SSW,2,21,10,38,0,54,20,1005.2,978.6,982.3,1008.6,980.5,1007.1
41030,Makkah,2018,3,25,32,41.8,25,S,1,18,10,38,0,56,18,1006.7,980.4,984.9,1011.1,982.6,1009.1
41030,Makkah,2018,3,26,30.9,41.8,24.4,S,2,18,10,42,0,56,18,1009.6,982.7,984.6,1012.5,984.6,1011.1
41030,Makkah,2018,3,27,31,40,24.1,S,4,19,14,46,0.8,67,23,1007.9,981.1,985.5,1012.1,983.4,1009.9
41030,Makkah,2018,3,28,32.1,40,25.6,S,4,18,20,41,0,63,20,1004.6,978.3,982.7,1008.4,980.5,1006.8
41030,Makkah,2018,3,29,33.1,40.2,26,S,5,21,20,33,0.1,54,18,1005.3,979.1,982.4,1008.6,980.3,1006.6
41030,Makkah,2018,3,30,30,36,25.6,N,2,36,10,58,1.5,85,32,1008.2,981.2,984.7,1011.3,982.7,1009.2
41030,Makkah,2018,4,1,31,37.6,26,SSW,2,21,16,54,0.3,74,32,1004,977.3,981,1007.7,979.5,1005.9
41030,Makkah,2018,4,2,30.8,38.2,26,S,2,18,14,54,0.2,69,35,1004.3,977.8,980.8,1007.2,979.2,1005.8
41030,Makkah,2018,4,3,31.8,38.8,26.4,S,2,18,14,51,1,72,26,1003.9,977.4,982.2,1008.8,980,1006.3
41030,Makkah,2018,4,4,31.9,39,26,SSW,4,19,16,49,0,67,30,1003.5,977.1,980.9,1002.4,978.8,1005.1
41030,Makkah,2018,4,5,30.8,37.8,26.8,SSW,3,21,20,50,1.5,72,26,1001.5,974.9,978.2,1004.6,976.7,1003.1
41030,Makkah,2018,4,6,30.2,36.2,26,SSW,2,21,8,61,2,80,45,1001.9,975.3,978.7,1005.3,977,1003.6
41030,Makkah,2018,4,7,32,39.4,25.9,VRB,2,23,8,41,0.7,63,21,1003.8,977.2,980.7,1007.2,979.1,1005.6
41030,Makkah,2018,4,8,31.8,38.6,25.4,SSW,2,21,12,35,1.4,44,26,1004.6,978.3,981.8,1008.3,980.2,1006.7
41030,Makkah,2018,4,9,31.9,38,26,SSW,3,24,14,42,1.6,47,35,1005.1,978.4,982.2,1008.5,980.3,1006.8
41030,Makkah,2018,4,10,30.9,38.8,24.4,WNW,2,21,8,43,3.3,70,30,1003.6,977.4,981.4,1007.5,979.6,1006
41030,Makkah,2018,4,11,29.9,37.6,23.4,S,2,17,8,45,1.9,65,31,1004.3,977.8,981.7,1008.4,980,1006.6
41030,Makkah,2018,4,12,30.5,38,23.9,NW,1,30,6,33,0,50,16,1006.3,979.6,982.8,1009.5,981.1,1007.7
41030,Makkah,2018,4,13,30,38.8,22,WSW,1,24,6,39,0,62,13,1006.7,979.7,983.4,1010.2,981.7,1008.3
41030,Makkah,2018,4,14,31.6,40.2,24,VRB,1,18,9,38,0,59,18,1006.6,979.8,983.4,1010.1,981.7,1008
41030,Makkah,2018,4,15,32,40,24.2,S,2,18,10,33,0,49,22,1004.2,977.3,981.8,1008.3,979.7,1006
41030,Makkah,2018,4,16,32.1,40,25,WSW,2,18,8,37,0,58,19,1004.6,977.9,981.6,1008.1,980,1006.3
41030,Makkah,2018,4,17,32,39.6,24.6,SSW,2,21,8,33,0,46,19,1006.6,980.2,983.9,1010.2,981.9,1008.5
41030,Makkah,2018,4,18,33.8,43,26.4,WNW,1,26,6,30,0.3,42,19,1007.4,981.1,984.5,1011.1,983.1,1009.4
41030,Makkah,2018,4,19,34.7,42.5,29,S,3,21,14,32,0.3,41,21,1006,979.7,983.7,1009.7,981.7,1007.8
41030,Makkah,2018,4,20,33.6,40.2,28,S,1,30,10,38,1,53,30,1005.2,978.3,982.6,1008.8,980.8,1007.1
41030,Makkah,2018,4,21,34.2,41.5,28.5,S,2,18,14,37,0.8,47,26,1004.4,977.6,981,1007.2,979.8,1006
41030,Makkah,2018,4,22,33.8,38.5,29,S,4,18,13,41,0.8,50,32,1004,977.6,981.1,1007.5,979.2,1005.5
41030,Makkah,2018,4,23,32.9,39,28.2,SSW,3,21,10,53,0.6,85,35,1004.9,978.2,982.3,1008.7,980.3,1006.7
41030,Makkah,2018,4,24,31.5,39.4,26,W,2,20,12,42,0.6,53,30,1005.3,979,982.6,1009,980.6,1007
41030,Makkah,2018,4,25,31.4,38.2,25.6,S,2,18,16,47,0.3,63,35,1005,978.3,982.3,1008.8,980.2,1006.6
41030,Makkah,2018,4,26,30.4,37,25.8,VRB,2,21,7,42,1.2,47,33,1003.4,977,981,1007.5,979.4,1005.8
41030,Makkah,2018,4,27,28.9,36.2,24,N,2,33,2,33,0,46,20,1007,980,983.2,1010.1,981.6,1008.4
41030,Makkah,2018,4,28,29.5,38,21.6,NNE,2,3,7,36,0,58,17,1007.9,980.6,984.4,1010.7,982.5,1009.2
41030,Makkah,2018,4,29,30.8,40,22.6,NNW,2,24,10,36,0.5,54,12,1006.2,979.3,983.4,1010.2,981.6,1008.1
41030,Makkah,2018,4,30,31.8,40.3,24.6,NW,2,20,10,40,0,61,17,1003.8,977.1,981.8,1008.3,979.9,1006.2
41030,Makkah,2018,5,1,32.9,40.8,25,WSW,3,24,12,38,0,57,23,1005,978.8,981.4,1007.4,980,1006.3
41030,Makkah,2018,5,2,33.3,41,26.5,WSW,2,18,7,39,0,53,27,1004.6,978.3,983,1009.4,980.5,1006.8
41030,Makkah,2018,5,3,33.8,41,29,S,4,24,14,42,0.1,55,26,1003.5,977.2,980,1006.4,978.6,1004.7
41030,Makkah,2018,5,4,34.4,41,29,WSW,2,21,12,44,0.1,56,31,1003.9,977.8,981.6,1007.5,979.7,1006
41030,Makkah,2018,5,5,34.5,42,29.8,SSW,2,24,10,43,0,56,28,1005,978.6,982.3,1008.4,980.5,1006.7
41030,Makkah,2018,5,6,35.2,43,29.4,S,4,18,14,35,0.5,51,20,1005.3,979.3,982.6,1008.9,980.6,1006.8
41030,Makkah,2018,5,7,35.7,43,29,S,5,19,20,29,0,44,17,1003.6,977.8,981.9,1008.1,979.6,1005.5
41030,Makkah,2018,5,8,33.8,39.6,29.4,SSW,4,21,20,35,0.8,50,23,1001.9,975.8,979.6,1005.2,977.5,1003.6
41030,Makkah,2018,5,9,32.8,40,28.3,N,3,33,9,26,0.2,45,12,1004.1,977.9,981.5,1007.6,979.6,1005.9
41030,Makkah,2018,5,10,34.9,44,25.2,N,2,36,7,22,0,38,9,1004.3,978.1,982,1008.1,980.1,1006.3
41030,Makkah,2018,5,11,35.2,45,27.4,S,2,24,8,28,0,41,15,1003.1,977.2,980.9,1007.2,979,1005
41030,Makkah,2018,5,12,34.6,40.8,30,SSW,3,18,18,34,0,44,22,1002.1,976.1,980.6,1006.8,978.7,1004.9
41030,Makkah,2018,5,13,33.7,41.2,29.2,N,1,36,6,31,0,46,20,1004.7,978.6,981.4,1007.5,979.8,1006
41030,Makkah,2018,5,14,32.6,40.3,27.4,N,2,36,8,30,0,50,18,1004.9,978.3,981.5,1007.9,980.1,1006.4
41030,Makkah,2018,5,15,31.4,40.6,25,WNW,1,30,6,41,0,58,19,1002.6,976,980.2,1006.5,978.3,1004.6
41030,Makkah,2018,5,16,32.8,40.5,26,SSW,2,21,12,43,0,71,22,1002,975.5,978.5,1004.9,977.4,1003.6
41030,Makkah,2018,5,17,34.9,42,27.4,WSW,2,24,7,30,0,52,12,1002.4,976.3,978.5,1004.8,977.4,1003.4
41030,Makkah,2018,5,18,35.9,45,27.6,N,2,30,7,26,0,50,11,1002,975.7,977.9,1003.9,977,1003
41030,Makkah,2018,5,19,36.3,46,29,S,2,21,12,28,0,45,12,1001.5,975.7,979.1,1004.8,977.4,1003.4
41030,Makkah,2018,5,20,34.1,40,29.2,S,3,19,12,44,0.2,61,27,1003.6,977.5,979.8,1005.4,978.6,1004.6
41030,Makkah,2018,5,21,34,41.8,29.8,S,3,18,8,45,1.6,61,28,1004.5,978.4,982.2,1008.5,980.4,1006.6
41030,Makkah,2018,5,22,36.6,44.4,28.5,NNW,1,18,8,32,1.2,52,17,1005.1,978.6,982.3,1008.4,980.6,1006.7
41030,Makkah,2018,5,23,38.5,46.6,26.2,NNW,2,32,6,26,0.5,47,11,1002.1,976.3,981.5,1007.5,979.2,1004.9
41030,Makkah,2018,5,24,39.6,47,32.4,NNW,2,36,8,17,0.9,27,10,999.9,974.1,978.8,1004.5,976.9,1002.5
41030,Makkah,2018,5,25,38.9,48,32,NNW,2,33,10,21,1,32,10,999.2,973.4,977.5,1002.5,975.3,1000.9
41030,Makkah,2018,5,26,38.9,47.8,31.4,NNW,2,22,10,21,0.7,35,11,999.1,973.5,977,1002.7,975.5,1001.1
41030,Makkah,2018,5,27,38.7,48,31.8,S,1,18,10,23,1.3,33,12,1000.6,974.9,977.9,1003.4,976.2,1002
41030,Makkah,2018,5,28,38.6,46.8,33,WNW,2,18,9,24,1,33,13,1001,975,977.7,1003.4,976.8,1002.6
41030,Makkah,2018,5,29,38.3,44.2,30.6,NNW,2,33,9,24,1.3,35,16,1001,974.8,978,1003.9,976.5,1002.2
41030,Makkah,2018,5,30,37.6,45,32,NNW,3,24,10,24,0.5,33,13,1000.9,975.2,978.9,1004.5,976.9,1002.8
41030,Makkah,2018,6,1,35.2,42,30,NNW,2,27,8,22,1.5,36,14,1003.9,977.6,979.9,1006.1,978.6,1004.6
41030,Makkah,2018,6,2,35.1,43.8,27.6,NNW,1,36,6,25,0,44,13,1002.3,976.3,979.3,1005.4,977.7,1003.8
41030,Makkah,2018,6,3,36,44,30.4,NNW,2,30,7,27,0,44,14,1001.4,975.5,978.6,1004.7,976.9,1002.8
41030,Makkah,2018,6,4,35.5,42.6,30,N,2,36,7,31,0.1,50,16,1000.5,974.2,976.5,1002.6,975.6,1001.5
41030,Makkah,2018,6,5,35.5,43,30.2,N,3,32,8,25,0.8,33,15,1001,975.1,978.2,1004,976.4,1002.6
41030,Makkah,2018,6,6,35.4,43.2,29.8,VRB,3,30,16,24,1.6,32,14,1001.6,975.8,979,1005.2,977.5,1003.6
41030,Makkah,2018,6,7,36.6,44,32.2,NNW,3,35,12,28,3.3,41,15,1001.1,974.3,978,1003.9,976.3,1002.3
41030,Makkah,2018,6,8,35.6,41,31.3,S,5,19,14,46,0.8,58,37,1001.8,975.6,978.6,1004.7,976.9,1003
41030,Makkah,2018,6,9,35.7,41,31,S,3,18,10,53,0.7,77,37,1001.9,975.7,978.2,1004.4,976.8,1002.8
41030,Makkah,2018,6,10,36.6,41.6,32,WSW,2,18,7,45,1.7,58,31,1000.9,975.1,977.3,1002.9,976.2,1002.1
41030,Makkah,2018,6,11,38.4,46.4,31,NW,2,32,8,29,0.3,55,12,1001.5,975.3,978.3,1004,976.8,1002.7
41030,Makkah,2018,6,12,37.9,46,30.4,NNW,1,18,9,27,0.9,55,12,1001.5,975.4,978.4,1004.4,976.9,1002.6
41030,Makkah,2018,6,13,38.4,43,31,NNW,2,18,10,20,0.6,28,11,999.6,973.7,976.3,1002,975.2,1000.9
41030,Makkah,2018,6,14,36.8,43,32.5,WNW,3,30,14,21,0.4,29,15,1000.9,975.2,979.2,1005,977.6,1003.5
41030,Makkah,2018,6,15,35.8,43.4,28,NNW,2,27,10,22,0,37,11,1003.4,977,979.4,1005.4,978.3,1004.3
41030,Makkah,2018,6,16,36.6,46,27,NNW,2,36,7,30,0,46,12,1001.3,975.5,978.8,1004.9,977.6,1003.5
41030,Makkah,2018,6,17,38.9,49.6,31,NNW,1,36,6,32,0.1,46,12,999.9,974,977.8,1003.6,976.5,1002.2
41030,Makkah,2018,6,18,38.9,47,31.4,SSW,3,21,14,27,0.2,43,14,999.8,974.2,976.2,1001.7,975.3,1000.9
41030,Makkah,2018,6,19,37.4,43.5,31,WSW,3,18,10,33,0.9,38,21,1000.5,974.8,978.3,1004,976.7,1002.6
41030,Makkah,2018,6,20,38.1,45,32,S,3,20,12,35,1.4,47,18,1002.2,976.5,979.4,1004.4,977.8,1003.5
41030,Makkah,2018,6,21,38.3,45.6,31,S,2,21,10,35,3,44,18,1001,975.4,979,1003.6,977,1002.7
41030,Makkah,2018,6,22,38.5,46,30,S,3,18,13,36,1.1,53,20,1001.5,975.8,977.4,1002.4,976.4,1002.1
41030,Makkah,2018,6,23,38.7,45,33.4,SSW,3,22,18,28,1.8,35,22,999.8,973.7,976.2,1001.2,975,1000.6
41030,Makkah,2018,6,24,37.5,42.6,32.8,VRB,2,18,10,33,0.9,47,24,999.4,973.7,976.3,1001.8,975.1,1000.8
41030,Makkah,2018,6,25,36.8,44.5,31.8,W,2,28,12,43,1.7,56,24,999.9,974.2,976.4,1002.4,975.3,1001.1
41030,Makkah,2018,6,26,36.6,43.8,30.8,NNW,1,24,5,38,1.1,62,18,1000.8,974.9,978,1003.6,976.2,1002.1
41030,Makkah,2018,6,27,37,44,32,NNW,2,30,7,33,1.8,50,18,1000.3,974.4,977.1,1003.1,975.6,1001.3
41030,Makkah,2018,6,28,37.7,45,30.4,NNW,2,30,7,30,1.7,38,18,998.4,972.6,975.6,1001.5,973.9,999.6
41030,Makkah,2018,6,29,37,43,32.8,NNW,2,18,10,34,2.8,45,27,996.8,971.1,974,999.7,972,998.2
41030,Makkah,2018,6,30,37,42.6,32.8,NNW,2,18,10,34,2.8,45,27,996.8,972.9,974,999.7,974.5,1000.3
41030,Makkah,2018,7,1,36.2,44.5,31.2,WNW,2,30,14,39,2.3,57,21,1000.3,974.3,976.8,1002.8,975.5,1001.3
41030,Makkah,2018,7,2,36.7,47.2,30.4,NNW,1,33,5,46,2.3,66,16,997.8,972.1,975,1001.1,974,999.9
41030,Makkah,2018,7,3,36.7,42.6,31,SSW,2,18,10,45,1.9,60,33,999.1,973.3,975.4,1001.2,974.1,999.9
41030,Makkah,2018,7,4,37,42,32.4,WSW,3,21,10,44,0.3,63,31,998.5,972.6,974.7,1000.5,973.5,999.3
41030,Makkah,2018,7,5,35.8,42,31,N,2,33,10,37,0.9,52,22,998.5,972.7,975.7,1001.5,974.4,1000.4
41030,Makkah,2018,7,6,36.3,43,31.4,WNW,2,30,10,29,1.8,35,23,999.7,973.9,977.2,1003.3,976,1002
41030,Makkah,2018,7,7,36.6,44,30.6,N,1,35,6,27,1.8,40,16,1001.2,975.1,977.6,1003.6,976.1,1002
41030,Makkah,2018,7,8,37,43.8,31.2,N,2,33,12,24,2.2,34,13,1000.7,975,977.7,1003.3,976.3,1002.1
41030,Makkah,2018,7,9,36.5,43.4,30.5,NNW,2,33,12,29,0.8,37,15,1000.1,974.2,977,1002.9,975.7,1001.7
41030,Makkah,2018,7,10,36.5,43,32.6,NNW,2,24,11,34,2.7,43,27,1000.3,974.3,977,1002.8,975.5,1001.4
41030,Makkah,2018,7,11,36.5,42,32.6,N,2,27,8,32,3.2,44,21,1000.7,975,977.6,1003.4,976.5,1002.3
41030,Makkah,2018,7,12,36.5,43,31.8,NNE,2,36,10,31,1.5,44,21,1001.9,975.8,978.1,1003.8,976.6,1002.5
41030,Makkah,2018,7,13,36.4,43,31.4,NNW,1,30,6,29,1.8,36,21,1000.9,975,977.6,1003.4,976.2,1002.1
41030,Makkah,2018,7,14,36.9,44.4,30.8,N,1,36,6,27,2.4,40,16,1000.8,974.7,976.8,1002.8,975.8,1001.7
41030,Makkah,2018,7,15,36.9,44.8,30,NNW,2,33,8,25,0.3,39,13,1000.2,974.3,976.7,1002.6,975.7,1001.5
41030,Makkah,2018,7,16,36.8,44,29.8,VRB,1,31,6,23,0,37,15,1001.3,975.6,978.1,1004,976.8,1002.7
41030,Makkah,2018,7,17,36.7,43,31,N,2,28,9,21,1.2,31,12,1001.8,975.7,978.4,1004.4,977.1,1002.9
41030,Makkah,2018,7,18,36.3,43,29,WSW,2,20,7,24,0,39,13,1001.5,975.6,977.9,1003.7,976.7,1002.5
41030,Makkah,2018,7,19,37.1,44.4,30.6,N,1,18,6,24,1.2,37,13,1002,975.8,979,1005,977.3,1003.2
41030,Makkah,2018,7,20,37.2,44.6,30.2,NNW,2,18,7,32,1.1,70,15,1001.9,975.6,978.8,1004.8,977.3,1003.2
41030,Makkah,2018,7,21,38.1,45.8,31.6,VRB,1,27,8,24,0,40,15,1001.5,975.5,978.6,1004.5,976.9,1002.6
41030,Makkah,2018,7,22,37.7,44.4,31.6,WNW,1,28,10,28,0,50,16,1000.4,974.5,977.6,1003.4,977.1,1001.9
41030,Makkah,2018,7,23,36.9,43,31,N,2,33,7,28,0.8,48,18,1000.8,974.8,977.9,1003.6,976.3,1002.2
41030,Makkah,2018,7,24,37.4,44,32,S,2,18,8,25,0.2,51,17,1001.5,975.3,978.7,1004.7,977.2,1003
41030,Makkah,2018,7,25,36,42.8,30.8,S,3,33,10,39,1.1,67,25,1002.9,976.3,980.3,1006.4,978.7,1004.6
41030,Makkah,2018,7,26,36.9,45.2,30.4,NNW,1,34,10,30,0.6,55,17,1002.4,976.3,979.4,1005.3,978.2,1004.2
41030,Makkah,2018,7,27,37.7,45.5,31.1,WNW,2,30,10,27,0.2,34,18,1001.6,975.6,979,1005,977.3,1003.1
41030,Makkah,2018,7,28,36.3,42.5,31,NNW,2,18,10,39,1,58,28,1000.7,974.8,977.5,1003.1,976.1,1002.1
41030,Makkah,2018,7,29,35.3,42,29.4,S,3,18,10,47,2.6,81,23,1002.8,976,980.6,1006.6,978,1004.2
41030,Makkah,2018,7,30,34.8,41.6,30,S,2,30,10,47,3.5,64,30,1003.3,977.2,980.7,1006.8,979.5,1005.5
